Account Name,,,,,,
AQR Capital Management LLC,,,,,,
AQR Capital Management LLC,,,,,,
AQR Capital Management LLC,,,,,,
AQR Capital Management LLC,,,,,,
AQR Capital Management LLC,,,,,,
AQR Capital Management LLC,,,,,,
Portolan Capital Management LLC,,,,,,
AQR Capital Management LLC,,,,,,
Falcon Point Capital LLC,,,,,,
AQR Capital Management LLC,,,,,,
Kayne Anderson Capital Advisors L.P.,,,,,,
Energy Income Partners,,,,,,
Energy Income Partners,,,,,,
Kayne Anderson Capital Advisors L.P.,,,,,,
AQR Capital Management LLC,,,,,,
Hillsdale Investment Management Inc.,,,,,,
Falcon Point Capital LLC,,,,,,
Falcon Point Capital LLC,,,,,,
Kayne Anderson Capital Advisors L.P.,,,,,,
Kayne Anderson Capital Advisors L.P.,,,,,,
